Name,Label,True
01_-_the_revealing_science_of_god_-_dance_of_the_dawn_320_lame_cbr.mp3,prog,prog
La conquista della posizione eretta.mp3,prog,prog
01 - Song Within A Song.mp3,prog,prog
01-Zarathustra.mp3,prog,prog
01 The Gates Of Delirium.mp3,prog,prog
04 Black Rose Immortal.mp3,prog,prog
01 - UFO.mp3,prog,prog
03_Anesthetize.mp3,prog,prog
05 - Starless.mp3,prog,prog
03 - Suenos De Maniqui.mp3,non-prog,prog
01 Jordrok.mp3,prog,prog
"01-The Bryden 2-Step (For Amphibians), Pt.1.mp3",prog,prog
prog_train.ods,non-prog,prog
03 - Halleluwah.mp3,non-prog,prog
L'evoluzione.mp3,non-prog,prog
06. Anekdoten - Our Days Are Numbered.mp3,prog,prog
MIKE OLDFIELD - Part One (Tubular Bells I).mp3,prog,prog
Opeth - The Moor.mp3,prog,prog
105-emerson_lake_and_palmer-karn_evil_9_1st_impression_(part_1).mp3,prog,prog
-04- Knots.mp3,prog,prog
01-hymn_of_the_seventh_galaxy_320_lame_cbr.mp3,prog,prog
101 21st Century Schizoid Man.mp3,prog,prog
01 Script For A Jester's Tear.mp3,prog,prog
06-king_crimson-larks_tounges_in_aspic_(part_ii).mp3,prog,prog
01_-_ace_of_wands_320_lame_cbr.mp3,non-prog,prog
01. Folklore.mp3,non-prog,prog
4 Foxlight.mp3,prog,prog
08_-_opeth_-_blackwater park_-_blackwater park.mp3,prog,prog
01 - Roundabout.mp3,prog,prog
05_Arriving Somewhere but Not Here.mp3,prog,prog
05_The_Afternoon_a_Afternoon_b_Evening.mp3,prog,prog
Frances the Mute-The Mars Volta-05-Cassandra Geminni 1.mp3,non-prog,prog
Syzygy_Dialectic.mp3,non-prog,prog
(Disc 2) 01 - Telepathic Minds.mp3,prog,prog
02. The Road Of Bones.mp3,non-prog,prog
02 In a Silent Way...It's About that Time.mp3,non-prog,prog
03_YYZ_Rush_Moving_Pictures_Deluxe_Edition_2011.mp3,non-prog,prog
01. The Same River.mp3,prog,prog
Kansas_08_Magnum_Opus.mp3,prog,prog
01 Hortz Fur Dehn Stekehn West.mp3,non-prog,prog
05-Nine Feet Underground.mp3,prog,prog
04Billy Cobham - Stratus.mp3,prog,prog
12 - The Garden.mp3,prog,prog
08 - The Divine Wings Of Tragedy.mp3,prog,prog
06 Mekanik Kommandoh.mp3,prog,prog
01Al Di Meola - Flight over Rio.mp3,prog,prog
08. Guardian.mp3,prog,prog
01-Hocus Pocus.mp3,prog,prog
02 Can You Understand.mp3,prog,prog
01 - School.mp3,non-prog,prog
08 - Kingdom Of Dreams.mp3,prog,prog
07 A Louse Is Not A Home.mp3,non-prog,prog
Kraftwerk - 01 - Autobahn.mp3,non-prog,prog
01-genesis-dancing_with_the_moonlit_knight.mp3,non-prog,prog
04 - The River Under.mp3,non-prog,prog
04 The Sleepwalkers.mp3,non-prog,prog
01.A passion play 1.mp3,prog,prog
09 - Ice (Remastered 2023).mp3,non-prog,prog
Thick As A Brick.mp3,prog,prog
Appena un poco.mp3,prog,prog
08 - White Walls.mp3,non-prog,prog
101-elp-tarkus.mp3,prog,prog
05. When the Water Breaks.mp3,prog,prog
01. The Light.mp3,prog,prog
01 Meeting of the Spirits.mp3,prog,prog
01 Peaches En Regalia.mp3,prog,prog
05 Red Shift.mp3,prog,prog
01. Vert.mp3,prog,prog
Procol_Harum_In_Held.mp3,prog,prog
Ne_Obliviscaris_And_Plague_Flowers_The_Kaleidoscope.mp3,prog,prog
08-This Strange Engine.mp3,non-prog,prog
205 The Court Of The Crimson King.mp3,non-prog,prog
Emerson_Lake_Palmer_Peter_Gunn.mp3,prog,prog
02. Bleed (live).mp3,prog,prog
01 - Phaedra.mp3,non-prog,prog
06_Genesis_Supper's Ready.mp3,prog,prog
Pain of Salvation - The Perfect Element I - 02. In the Flesh.mp3,prog,prog
02_Dogs.mp3,prog,prog
01 - Luminol.mp3,prog,prog
01 - Birds of Fire.mp3,non-prog,prog
01_Genesis_Watcher of the Skies.mp3,prog,prog
06-In a glass house.mp3,prog,prog
Eloy - Poseidon's Creation.mp3,prog,prog
11 Bohemian Rhapsody.mp3,prog,prog
08 - Octavarium.mp3,non-prog,prog
06 - Ultimo Entardecer.mp3,prog,prog
The Flower Kings - 1997 Stardust We Are CD2 - 11 - Stardust We Are.mp3,prog,prog
03 A Plague of Lighthouse Keepers.mp3,non-prog,prog
06 - Echoes.mp3,prog,prog
01 - When the Heart Rules the Mind.mp3,prog,prog
06 - Scene Four  Beyond This Life.mp3,prog,prog
01_Shine On You Crazy Diamond I.mp3,prog,prog
01_A_Change_of_Seasons_I_Sunrise_II_Innocence_III_Carpe_Diem_IV_Winters_V_Another_World_VI_Summer_VII_Sunset.mp3,prog,prog
09 Heart Of The Sunrise.mp3,prog,prog
Steve_Hackett_The_Return_of_the_Giant_Hogweed.mp3,non-prog,prog
09 - Ancestral.mp3,prog,prog
04. Second Life Syndrome.mp3,prog,prog
5  The architect.mp3,prog,prog
05. Part V.mp3,prog,prog
09. Bo Hansson - Rohans Horn - Slaget vid Pelennors slatter.mp3,prog,prog
01. Hallogallo.mp3,prog,prog
06 Forgotten Sons.mp3,prog,prog
01-The runaway.mp3,prog,prog
02 Scorched Earth.mp3,non-prog,prog
01 - Songs From The Wood (2003 Digital Remaster).mp3,prog,prog
01-Sospesi Nell'Incredibile.mp3,non-prog,prog
01. Hazard Profile Part One.mp3,non-prog,prog
13 - A Day in the Life.mp3,prog,prog
01_Yours Is No Disgrace.mp3,prog,prog
01 Close to the Edge I. The Solid Time of Change II. Total Mass Retain III.  I GetUp I Get Down IV. Seasons of Man).mp3,non-prog,prog
103 Moon In June.mp3,prog,prog
103 Epitaph.mp3,non-prog,prog
06. Milliontown.mp3,non-prog,prog
04-Stranger In Your Soul_Resampled.mp3,prog,prog
04 Operation- Mindcrime.mp3,non-prog,prog
03_Time.mp3,prog,prog
07 - Zartlicher Abschied.mp3,prog,prog
Big Big Train - English Electric (Part Two) - 01 - East Coast Racer.mp3,prog,prog
05_Schism.mp3,non-prog,prog
07_The_Night_Nights_in_White_Satin.mp3,non-prog,prog
5 A Sprinkling Of Clouds.mp3,prog,prog
04. The Czar I. Usurper - II. Escape - III. Martyr - IV. Spiral_khaos[].mp3,prog,prog
02 Willie The Pimp.mp3,prog,prog
05-Phallus Dei.mp3,non-prog,prog
01_2112_I_Overture_II_Temples_of_Syrinx_III_Discovery_IV_Presentation_V_Oracle_VI_Soliloquy_VII_Grand_Finale.mp3,prog,prog
07 - Fool's Overture.mp3,prog,prog
03Uriah Heep - July Morning.mp3,prog,prog
12-animals_as_leaders-song_of_solomon.mp3,prog,prog
Caravan_The_Love_In_Your_Eye.mp3,non-prog,prog
01_Genesis_The Musical Box.mp3,prog,prog
Baris_Manco_Bay_Koca_Destani_2023.mp3,prog,prog
03-genesis-firth_of_fifth.mp3,prog,prog
02 - Odyssey.mp3,prog,prog
13 Aenema.mp3,prog,prog
05 - Vivaldi.mp3,prog,prog
03. Omen.mp3,prog,prog
04_La_Villa_Strangiato_Rush_Hemispheres_Deluxe_Edition.mp3,prog,prog
06 Megalyth.mp3,prog,prog
05 Soup.mp3,non-prog,prog
05 - Fatal Tragedy.mp3,prog,prog
09 - Headlong Flight.mp3,prog,prog
4-Song Of Scheherazade.mp3,prog,prog
08 - Lady Fantasy.mp3,non-prog,prog
03-House Of The Rising Sun.mp3,prog,non-prog
Gin_Blossoms_Hey_Jealousy.mp3,non-prog,non-prog
11 - Lonely People.mp3,prog,non-prog
04 - Devil's Advocate _ Bambodansarna.mp3,prog,non-prog
02 - Burnin' For You.mp3,non-prog,non-prog
09-Year Of The Cat.mp3,non-prog,non-prog
Neha_Kakkar_Yaad_Piya_Ki_Aane_Lagi.mp3,prog,non-prog
01.ArmenMiran-PreciousStory.mp3,prog,non-prog
10-hozier-be-65228571.mp3,non-prog,non-prog
07 Eight Miles High.mp3,prog,non-prog
07 - While The Earth Sleeps (feat Peter Gabriel).mp3,prog,non-prog
07 - Head Over Heels  Broken.mp3,non-prog,non-prog
C-Pop_Hits_1.mp3,prog,non-prog
03 Horns Surrounding Me.mp3,prog,non-prog
www.NewAlbumReleases.net_14 - Hyyerr (Feat. Chip Tha Ripper).mp3,prog,non-prog
01 - End Titles from Blade Runner.mp3,prog,non-prog
01_Surfing with the Alien.mp3,non-prog,non-prog
16 - Navras.mp3,non-prog,non-prog
11 - Inoculate the Innocuous.mp3,prog,non-prog
03 Supermassive Black Hole.mp3,prog,non-prog
08 - Damage Inc  (LP Version).mp3,non-prog,non-prog
10 - Don't You Want Me - The Human League.mp3,prog,non-prog
07-Cage-The-Elephant---Aint-No-Rest-For-The-Wicked.mp3,prog,non-prog
Ursine Vulpine ft Annaca   Wicked Game (Lyrics).mp3,prog,non-prog
07-do_it_again_320_lame_cbr.mp3,prog,non-prog
01 - Under the Pressure.mp3,prog,non-prog
7 - The Hurt Inside.mp3,prog,non-prog
08 I Could Have Danced All Night.mp3,non-prog,non-prog
16 - Madhuban Mein Radhika Nache Re (Kohinoor 1960).mp3,non-prog,non-prog
04-deacon_blues_320_lame_cbr.mp3,prog,non-prog
The Jimi Hendrix Experience - Voodoo Chile.mp3,non-prog,non-prog
03 - Don't Believe The Hype.mp3,non-prog,non-prog
Cardi_B_WAP.mp3,non-prog,non-prog
Ali Farka Toure with Ry Cooder - Talking Timbuktu - 10 - Diaraby.mp3,non-prog,non-prog
03 - Bayaty.mp3,prog,non-prog
10 All Is Full Of Love.mp3,non-prog,non-prog
01 Machu Picchu.mp3,non-prog,non-prog
Allie_X_Not_So_Bad_in_LA.mp3,prog,non-prog
Little_Simz_Woman.mp3,prog,non-prog
13 Metin Arolat - Elveda.mp3,prog,non-prog
02 Aja.mp3,prog,non-prog
14 - 25 or 6 to 4 (Steven Wilson Remix).mp3,prog,non-prog
01-blueprint_320_lame_cbr.mp3,non-prog,non-prog
04-Invisible Limits.mp3,prog,non-prog
02. Planet Earth.mp3,prog,non-prog
Kid_Cudi_Frequency.mp3,prog,non-prog
101-led_zeppelin-immigrant_song.mp3,non-prog,non-prog
05 we're drowning in it.mp3,non-prog,non-prog
01 - Blinded By The Light.mp3,prog,non-prog
03 Julianna Barwick - One Half.mp3,prog,non-prog
07. Black Hole Sun.mp3,prog,non-prog
07_Johnny B. Goode.mp3,prog,non-prog
Tame_Impala_01_Let_It_Happen.mp3,non-prog,non-prog
06 Naima.mp3,prog,non-prog
01 - Immigrant Song.mp3,non-prog,non-prog
08 Behind Blue Eyes.mp3,prog,non-prog
01 - Radioactive.mp3,non-prog,non-prog
01-We're An American Band.mp3,prog,non-prog
11 - Hello Earth.mp3,prog,non-prog
03 - Take Five (LP Version).mp3,prog,non-prog
05-Flourescent Adolescent.mp3,prog,non-prog
22 Turn On The News.mp3,prog,non-prog
02 Peace Of Mind.mp3,prog,non-prog
20 - They Can't Take That Away from Me (Remastered).mp3,prog,non-prog
11-zao-a_last_time_for_everything.mp3,non-prog,non-prog
slow thai Mura Masa - Doorman.mp3,prog,non-prog
A Tribe Called Quest - Midnight Marauders - 14 - God Lives Through.mp3,prog,non-prog
03 - The national anthem.mp3,non-prog,non-prog
04---Relax---Frankie-Goes-To-Hollywood.mp3,prog,non-prog
23-The-Weeknd---I-Feel-It-Coming-(Feat-Daft-Punk).mp3,prog,non-prog
the-chainsmokers-&-coldplay---something-just-like-this.mp3,prog,non-prog
Lorde-Green-Light.mp3,non-prog,non-prog
06 Californication.mp3,prog,non-prog
Edgar_Winter_Frankenstein.mp3,prog,non-prog
02 - Adagio in C Minor.mp3,prog,non-prog
01 - Mustt Mustt (Lost in His Work).mp3,prog,non-prog
01 Play Your Part (Pt. 1).mp3,non-prog,non-prog
17 - Cross Road Blues (take 1).mp3,prog,non-prog
Symphony_40_G_Minor.mp3,prog,non-prog
02 - Someone In The Crowd.mp3,non-prog,non-prog
03-oneohtrix_point_never-betrayed_in_the_octagon-kouala.mp3,prog,non-prog
06. In A Gadda Da Vida.mp3,non-prog,non-prog
1-01 Eruption.mp3,non-prog,non-prog
06 Tales Of Brave Ulysses.mp3,prog,non-prog
01 - Tiempo Al Tiempo.mp3,prog,non-prog
Golden Earring - Radar Love.mp3,prog,non-prog
Anu_Orta_Veniya.mp3,prog,non-prog
04 - Ted Just Admit it.......mp3,prog,non-prog
06 - De Música Ligera (Remasterizado 2007).mp3,prog,non-prog
David-Guetta-Ft.-Sia---Titanium-(Instrumental)-[Download].mp3,prog,non-prog
04. Air Supply - All Out Of Love.mp3,prog,non-prog
09 - Dilettante.mp3,prog,non-prog
Russ Conway - Pepe.mp3,prog,non-prog
09Henry Mancini - Peter Gunn.mp3,prog,non-prog
04 Cracker - Low.mp3,prog,non-prog
05 - Modern Love (2002 Remastered Version).mp3,prog,non-prog
Pink_Sweat_Icy.mp3,prog,non-prog
05. Violin Concerto in E minor op.64 - I Allegro molto appassionato.mp3,prog,non-prog
Run_The_Jewels_Yankee_and_the_Brave.mp3,prog,non-prog
06 - Sigur Rós - Sæglópur.mp3,prog,non-prog
The Revivalists - Wish I Knew You.mp3,prog,non-prog
06 Felt Mountain.mp3,prog,non-prog
05 Homewrecker.mp3,prog,non-prog
02 - Killer Queen.mp3,prog,non-prog
04 - Elton John - Goodbye Yellow Brick Road (Remastered 2014).mp3,prog,non-prog
Peach_Pit_Almighty_Aphrodite.mp3,non-prog,non-prog
10 The Thrill Is Gone.mp3,prog,non-prog
04 - Suspended in Gaffa.mp3,prog,non-prog
09 - Zum.mp3,non-prog,non-prog
Lizzo_Juice.mp3,prog,non-prog
Salif Keita - Cono.mp3,non-prog,non-prog
02 - Joie De Vivre.mp3,prog,non-prog
rasme-asheghi.mp3,non-prog,non-prog
03_Losfer Words (Big 'Orra).mp3,non-prog,non-prog
Ruelle_The_World_We_Made.mp3,non-prog,non-prog
04 - Somebody Told Me.mp3,non-prog,non-prog
01_Aces High.mp3,non-prog,non-prog
Green Day -07- Basket Case.mp3,prog,non-prog
05-lana_del_rey-doin_time.mp3,prog,non-prog
04 Dounounia.mp3,non-prog,non-prog
"Daft Punk - 04 - Harder, Better, Faster, Stronger.mp3",non-prog,non-prog
Imagine-Dragons---Believer.mp3,prog,non-prog
04 - El corrido de Alfonso.mp3,prog,non-prog
06 - Sweet Dreams (Are Made Of This).mp3,prog,non-prog
12 - Buckingham Green.mp3,prog,non-prog
04 - Big Shot.mp3,prog,non-prog
Cranberries - 04 - Zombie.mp3,prog,non-prog
13 - Layla.mp3,prog,non-prog
01 - amy winehouse - rehab.mp3,non-prog,non-prog
08 - Tsinandali Choir - Orovela.mp3,prog,non-prog
07 - Wake Up.mp3,prog,non-prog
06 - How Soon Is Now_.mp3,non-prog,non-prog
101-tom_petty_and_the_heartbreakers-refugee.mp3,prog,non-prog
04 - Interstate Love Song.mp3,prog,non-prog
01 War Pigs _ Luke's Wall.mp3,prog,non-prog
04 - Piano Concerto No. 2 - 1. Allegro.mp3,non-prog,non-prog
2-10 Dear Mama.mp3,prog,non-prog
Ed-Sheeran---Shape-of-You.mp3,non-prog,non-prog
Beyonce_Cuff_It.mp3,non-prog,non-prog
03 - Angel of Music.mp3,prog,non-prog
01-Janitor Of Lunacy.mp3,prog,non-prog
02 - Zombified.mp3,prog,non-prog
03. Ten-Day Interval.mp3,prog,non-prog
03. Rag Doll.mp3,prog,non-prog
notprog_other_train.ods,prog,non-prog
03-the_strokes-brooklyn_bridge_to_chorus.mp3,prog,non-prog
01 - Autumn Lords.mp3,non-prog,non-prog
07 - Subterranean.mp3,prog,non-prog
Disintegration-The Cure-09-The Same Deep Water as You.mp3,prog,non-prog
Lil Nas X - Old Town Road (feat. Billy Ray Cyrus).mp3,non-prog,non-prog
03 Space Song.mp3,prog,non-prog
05. This Time.mp3,prog,non-prog
CCR_Who'll Stop The Rain.mp3,prog,non-prog
(06) [Alice Cooper] No More Mr. Nice Guy.mp3,prog,non-prog
02 - Woman In Love (Album Version).mp3,non-prog,non-prog
01. B.mp3,prog,non-prog
06 Savana Dance.mp3,prog,non-prog
Nena ‎- 99 Luftballons.mp3,prog,non-prog
Kind Of Blue-Miles Davis-02-Freddie Freeloader.mp3,non-prog,non-prog
01 - Only Shallow.mp3,non-prog,non-prog
02 - Petrichrist.mp3,non-prog,non-prog
Bad_Bunny_Si_Veo_A_Tu_Mama.mp3,prog,non-prog
12_Toxicity.mp3,non-prog,non-prog
01 Styx - Grand Illusion.mp3,prog,non-prog
02 End Game (feat. Ed Sheeran & Future).mp3,non-prog,non-prog
1-03 Wonderwall.mp3,non-prog,non-prog
02-blondie-call_me-rns.mp3,prog,non-prog
01_Pulcinella_1st_scene_Overture.mp3,prog,non-prog
Closer.mp3,prog,non-prog
07 Guy's Eyes.mp3,prog,non-prog
07 - You Really Got Me.mp3,prog,non-prog
27.-The-Chainsmokers---Paris.mp3,prog,non-prog
09_Jewel Of The Summertime.mp3,prog,non-prog
02. Ascension (feat. Vince Staples).mp3,prog,non-prog
08 - Anarchy In The U.K.mp3,prog,non-prog
Paul Gilbert - Technical Difficulties (Racer X).mp3,prog,non-prog
Billy Joel - It's Still Rock And Roll To Me.mp3,non-prog,non-prog
19 - Tusk.mp3,prog,non-prog
Playboi_Carti_Rockstar_Made.mp3,non-prog,non-prog
01 - My Spirit Will Go On.mp3,prog,non-prog
Sharon_Van_Etten_Seventeen.mp3,prog,non-prog
SZA_Kill_Bill.mp3,prog,non-prog
04 - Out Of The Blue.mp3,prog,non-prog
05-shock_the_monkey_320_lame_cbr.mp3,non-prog,non-prog
"13 - So Long, Farewell.mp3",non-prog,non-prog
05 - Moonwind.mp3,non-prog,non-prog
07_Summoning Of The Muse.mp3,prog,non-prog
06. Blue Jeans.mp3,non-prog,non-prog
Chase Atlantic - SLIDE (Official Music Video).mp3,prog,non-prog
Julia-Michaels---Issues.mp3,prog,non-prog
09 - Golden Brown [Explicit].mp3,non-prog,non-prog
06 - Give It Up.mp3,prog,non-prog
01 - Harden My Heart.mp3,prog,non-prog
Hallelujah_Kate_McKinnon.mp3,prog,non-prog
01 - Loser.mp3,non-prog,non-prog
K-Pop_1.mp3,non-prog,non-prog
Titi_Me_Pregunto.mp3,prog,non-prog
05-Tjolky [Тьолки].mp3,prog,non-prog
11 Better Man.mp3,prog,non-prog
06 - Cruel Summer.mp3,prog,non-prog
08 - Asmarina (My Asmara).mp3,non-prog,non-prog
O_Re_Piya_Rahat Fateh Ali Khan_ Salim-Sulaiman.mp3,non-prog,non-prog
24_Billy_Vaughan_Orange_Blossom_Special.mp3,non-prog,non-prog
01. Painkiller.mp3,prog,non-prog
03 Midnight At The Bazaar.mp3,prog,non-prog
05 Clocks.mp3,non-prog,non-prog
Chinna Chinna Aasai - ROJA.mp3,prog,non-prog
Metro_Boomin_On_Time.mp3,non-prog,non-prog
06 The Temple of the King.mp3,prog,non-prog
Khalil_Fong_Love_in_this_world.mp3,non-prog,non-prog
Billie_Eilish_What_Was_I_Made_For.mp3,prog,non-prog
06_The Offspring_Gone Away.mp3,prog,non-prog
Marco_Luka_Paradise.mp3,non-prog,non-prog
Charli_XCX_Speed_Drive_Barbie.mp3,prog,non-prog
12 - Round And Round [12_ Version].mp3,prog,non-prog
02 - A Whiter Shade Of Pale.mp3,prog,non-prog
09. Tel Aviv.mp3,prog,non-prog
06 - Janelle Monae - Cold War.mp3,prog,non-prog
03 - No Doubt - Just a Girl.mp3,prog,non-prog
The Neighbourhood - Wiped Out.mp3,prog,non-prog
Taylor_Swift_All_Too_Well_Taylor_Version.mp3,prog,non-prog
04 - Condor Pasa.mp3,prog,non-prog
05-bangles-hazy_shade_of_winter.mp3,prog,non-prog
09 I'm Just a Singer (In a Rock and Roll Band).mp3,non-prog,non-prog
10. Michael Sembello - Maniac.mp3,prog,non-prog
Kabir_Singh_Bekhayali.mp3,non-prog,non-prog
10 - 2000 Miles .mp3,prog,non-prog
06-alone_again_or_320_lame_cbr.mp3,prog,non-prog
20 - Thelonious Monk - 'Round Midnight.mp3,prog,non-prog
01 - I.G.Y..mp3,prog,non-prog
11 - Your Lucky Day In Hell.mp3,prog,non-prog
Russian_2.mp3,prog,non-prog
Cosmia.mp3,prog,non-prog
04 The Unforgettable Fire.mp3,prog,non-prog
3. My Beautiful Dark Twisted Fantasy - POWER.mp3,prog,non-prog
Serge_Prokofiev_1.mp3,prog,non-prog
"09 - Madonna, Sean and Me.mp3",prog,non-prog
10 - Jefferson Airplane - Surrealistic Pillow  - White Rabbit.mp3,prog,non-prog
"Travis Scott - CIRCUS MAXIMUS (Official Audio) ft. The Weeknd, Swae Lee.mp3",prog,non-prog
07 Say It Ain't So.mp3,non-prog,non-prog
09 - Money For Nothing (Album Version).mp3,non-prog,non-prog
08-love_to_love_320_lame_cbr.mp3,prog,non-prog
02_Violin_Concerto_in_D_Major_Adagio.mp3,prog,non-prog
08 Listen.mp3,prog,non-prog
13 - Al Hahla Al ’Ali.mp3,prog,non-prog
The_Technicolors_Tonight_You_Are_Mine.mp3,prog,non-prog
02 - Arc of a Diver.mp3,prog,non-prog
02. Top Of The World.mp3,non-prog,non-prog
02 The World At Large.mp3,prog,non-prog
05 - Go to the West - Meeting in Menggu Tents - Be Together - Sister Liu.mp3,prog,non-prog
Christine_and_the_Queens_People_Ive_Been_Sad.mp3,prog,non-prog
Brockhampton_Buzzcut_feat_Danny_Brown.mp3,prog,non-prog
01 - It's The End Of The World As We Know It (And I Feel Fine) (Edit) (2006 Digital Remaster).mp3,non-prog,non-prog
Aphex Twin - Avril 14th.mp3,prog,non-prog
13 Famous Last Words.mp3,non-prog,non-prog
06 - Disarm.mp3,prog,non-prog
08 - Xoomij.mp3,prog,non-prog
08 All the Small Things.mp3,non-prog,non-prog
15. Happier Than Ever.mp3,prog,non-prog
01 - Big Chief.mp3,prog,non-prog
01-Light - Look At Your Sun.mp3,non-prog,non-prog
04 - Vera.mp3,prog,non-prog
07. The Cars - Bye Bye Love.mp3,non-prog,non-prog
Twenty_One_Pilots_No_Chances.mp3,prog,non-prog
04 Still D.R.E. (Feat. Snoop Dogg).mp3,prog,non-prog
13. Frank Sinatra - The Girl From Ipanema.mp3,prog,non-prog
02 West End Girls.mp3,prog,non-prog
04 - A Lovely Night.mp3,prog,non-prog
04-The Rip.mp3,prog,non-prog
The Weeknd - The Birds (Trilogy).mp3,non-prog,non-prog
04 - Ayasofya.mp3,prog,non-prog
Collective Soul_The World I Know.mp3,prog,non-prog
01 - Upside Down.mp3,prog,non-prog
1930_Josephine_Baker_J`ai_Deux_Amours.mp3,non-prog,non-prog
notprog_top_pops_train.ods,prog,non-prog
1948_Peggy_Lee_Manana.mp3,prog,non-prog
1949_Vaughan_Monroe_Riders_In_The_Sky.mp3,prog,non-prog
1976_Eagles_Hotel_California.mp3,prog,non-prog
2007_Fergie_Big_Girls_Don't_Cry.mp3,prog,non-prog
1978_Bee_Gees_Night_Fever.mp3,prog,non-prog
1970_Simon_and_Garfunkel_Bridge_Over_Troubled_Water.mp3,prog,non-prog
2017_Migos_Bad_&_Boujee.mp3,prog,non-prog
1988_INXS_Need_You_Tonight.mp3,prog,non-prog
1950_Nat_King_Cole_Mona_Lisa.mp3,prog,non-prog
2000_Sting_Desert_Rose.mp3,prog,non-prog
"2019_Ariana_Grande_Thank_U,_Next.mp3",prog,non-prog
1984_Prince_When_Doves_Cry.mp3,non-prog,non-prog
1951_Tony_Bennett_Because_Of_You.mp3,prog,non-prog
1985_Wham_Careless_Whisper.mp3,non-prog,non-prog
2005_Kelly_Clarkson_Since_U_Been_Gone.mp3,prog,non-prog
1986_Mr._Mister_Broken_Wings.mp3,prog,non-prog
1981_Kim_Carnes_Bette_Davis_Eyes.mp3,non-prog,non-prog
1974_Jackson_5_Dancing_Machine.mp3,prog,non-prog
2013_Bruno_Mars_Locked_Out_Of_Heaven.mp3,prog,non-prog
1975_America_Sister_Golden_Hair.mp3,prog,non-prog
1987_Heart_Alone.mp3,prog,non-prog
1967_The_Doors_Light_My_Fire.mp3,prog,non-prog
1994_Ace_Of_Base_All_That_She_Wants.mp3,prog,non-prog
2021_Silk_Sonic_Leave_the_Door_Open.mp3,non-prog,non-prog
2011_Adele_Rolling_In_The_Deep.mp3,non-prog,non-prog
1977_ABBA_Dancing_Queen.mp3,prog,non-prog
1959_Johnny_Horton_The_Battle_Of_New_Orleans.mp3,prog,non-prog
1966_The_Rolling_Stones_Paint_It_Black.mp3,prog,non-prog
1999_Britney_Spears_...Baby_One_More_Time.mp3,prog,non-prog
2003_Evanescence_Bring_Me_To_Life.mp3,prog,non-prog
1958_The_Champs_Tequila.mp3,prog,non-prog
1998_Celine_Dion_My_Heart_Will_Go_On.mp3,prog,non-prog
1973_Diana_Ross_Touch_Me_In_The_Morning.mp3,prog,non-prog
1953_Les_Paul_And_Mary_Ford_Vaya_Con_Dios.mp3,prog,non-prog
1957_Harry_Belafonte_Banana_Boat_Song.mp3,prog,non-prog
1992_Nirvana_Smells_Like_Teen_Spirit.mp3,prog,non-prog
1940_Tommy_Dorsey_I'll_Never_Smile_Again.mp3,prog,non-prog
1941_Glenn_Miller_Chatanooga_Choo_Choo.mp3,prog,non-prog
1939_Judy_Garland_Somewhere_Over_The_Rainbow.mp3,non-prog,non-prog
2023_Morgan_Wallen_Last_Night.mp3,prog,non-prog
2015_Rihanna_FourFiveSeconds.mp3,prog,non-prog
1946_Perry_Como_Prisoner_of_Love.mp3,prog,non-prog
2004_Usher_Yeah.mp3,non-prog,non-prog
1968_Steppenwolf_Born_To_Be_Wild.mp3,non-prog,non-prog
1971_Rod_Stewart_Maggie_May.mp3,prog,non-prog
1991_Mariah_Carey_Someday.mp3,prog,non-prog
1963_Peter_Paul_And_Mary_Puff_The_Magic_Dragon.mp3,prog,non-prog
2022_Kendrick_Lamar_Beth_Gibbons_Mother_I_Sober.mp3,prog,non-prog
1972_Don_McLean_American_Pie.mp3,non-prog,non-prog
2008_Alicia_Keys_No_One.mp3,prog,non-prog
2014_Katy_Perry_Roar.mp3,prog,non-prog
2012_Taylor_Swift_We_Are_Never_Getting_Back_Together.mp3,prog,non-prog
2018_Drake_God's_Plan.mp3,prog,non-prog
1955_Bill_Haley_And_His_Comets_Rock_Around_The_Clock.mp3,prog,non-prog
1961_Lawrence_Welk_Calcutta.mp3,non-prog,non-prog
1990_Michael_Bolton_How_Am_I_Supposed_To_Live_Without_You.mp3,prog,non-prog
1942_Kay_Kyser_Praise_the_Lord_and_Pass_the_Ammunition.mp3,prog,non-prog
2002_Linkin_Park_In_The_End.mp3,non-prog,non-prog
2001_Train_Drops_Of_Jupiter.mp3,prog,non-prog
1980_Pink_Floyd_Another_Brick_In_The_Wall_Part_II.mp3,prog,non-prog
1997_The_Verve_Bittersweet_Symphony.mp3,prog,non-prog
1979_The_Knack_My_Sharona.mp3,prog,non-prog
1996_Alanis_Morissette_Ironic.mp3,non-prog,non-prog
1945_Harry_James_and_Kitty_Kallen_It's_Been_A_Long_Long_Time.mp3,non-prog,non-prog
2001_Alan_Jackson_Where_Were_You.mp3,prog,non-prog
1993_Snap_Rhythm_Is_A_Dancer.mp3,prog,non-prog
1952_Vera_Lynn_Auf_Wiederseh`n_Sweetheart.mp3,non-prog,non-prog
1962_Ray_Charles_I_Can't_Stop_Loving_You.mp3,prog,non-prog
2010_Lady_Gaga_Telephone.mp3,prog,non-prog
1965_Beach_Boys_California_Girls.mp3,prog,non-prog
2016_Twenty_One_Pilots_Stressed_Out.mp3,non-prog,non-prog
1947_Francis_Craig_and_His_Orchestra_Near_You.mp3,prog,non-prog
1954_Rosemary_Clooney_Hey_There.mp3,prog,non-prog
1969_Neil_Diamond_Sweet_Caroline.mp3,prog,non-prog
1983_Police_Every_Breath_You_Take.mp3,non-prog,non-prog
1995_Hootie_And_The_Blowfish_Hold_My_Hand.mp3,non-prog,non-prog
1960_Bryan_Hyland_Itsy_Bitsy.mp3,prog,non-prog
1989_Milli_Vanilli_Girl_You_Know_It's_True.mp3,prog,non-prog
2009_Beyonce_Single_Ladies_Put_A_Ring_On_It.mp3,prog,non-prog
2020_BTS_Dynamite.mp3,prog,non-prog
1943_Duke_Ellington_In_A_Sentimental.mp3,prog,non-prog
1964_The_Beatles_I_Want_To_Hold_Your_Hand.mp3,non-prog,non-prog
1982_Foreigner_Waiting_For_A_Girl_Like_You.mp3,non-prog,non-prog
1956_Elvis_Presley_Heartbreak_Hotel.mp3,prog,non-prog
2006_Kanye_West_Gold_Digger.mp3,prog,non-prog
1944_Les_Brown_Twilight_Time.mp3,non-prog,non-prog
